﻿<?xml version="1.0" encoding="utf-8"?><PersistProjectInfo xmlns:xsi="http://www.w3.org/2001/XMLSchema-instance" xmlns:xsd="http://www.w3.org/2001/XMLSchema"><ProjectId>0</ProjectId><ProjectName>Библиотека с мнемознаками</ProjectName><TypeName>MasterSCADA.Library.HMI</TypeName><ProjectConfiguration>MasterPLC</ProjectConfiguration><StoreTypeName>FirebirdStore</StoreTypeName><ProjectChange>2023-10-26T17:00:24.6224057+03:00</ProjectChange><ProjectVersion>4</ProjectVersion></PersistProjectInfo>